{
  "random": {
    "mean_reward": -218.20438916986313,
    "mean_accuracy": 0.47966999999999993,
    "mean_vulnerabilities": 5.1,
    "mean_precision": 0.399165,
    "mean_recall": 0.24864999999999998,
    "mean_f1": 0.299185,
    "mean_labeled_fraction": 0.557995
  },
  "heuristic": {
    "mean_reward": 81.44375,
    "mean_accuracy": 0.87941,
    "mean_vulnerabilities": 15.4,
    "mean_precision": 0.8138249999999999,
    "mean_recall": 0.585055,
    "mean_f1": 0.6520699999999999,
    "mean_labeled_fraction": 0.51189
  }
}