{
  "epsilon": 0.22906030528405813,
  "alpha": 0.12,
  "gamma": 0.95,
  "q": {
    "early|scan_api|0": 4.056928740070727,
    "early|classify_api|0": 4.0166746302516065,
    "early|ignore_api|0": 2.1120512874267985,
    "early|block_api|1": -1.453681961433309,
    "early|run_security_test|0": 4.03488596824155,
    "early|escalate_api|0": 2.9281527838195016,
    "early|ignore_api|1": 2.8690701567170125,
    "early|ignore_api|2": 1.6214395098615002,
    "early|classify_api|1": 4.340708629365748,
    "early|block_api|0": -5.88560565911379,
    "early|block_api|2": 0.08610897339130363,
    "early|scan_api|1": 3.8132119491791636,
    "early|escalate_api|1": 3.341598645490634,
    "early|run_security_test|1": 3.4052270249546632,
    "mid|scan_api|1": -2.1134667849715947,
    "mid|ignore_api|2": -0.4648724645373694,
    "mid|scan_api|2": -0.3392052388377602,
    "mid|run_security_test|1": -1.0949802013280037,
    "mid|escalate_api|1": -3.222125538505511,
    "mid|classify_api|1": -2.5951201249008244,
    "late|scan_api|2": -6.715841875763945,
    "late|run_security_test|1": -23.774697499432808,
    "late|classify_api|2": -10.357119850292388,
    "late|scan_api|1": -47.95423485722952,
    "mid|block_api|2": -2.470538354041506,
    "mid|block_api|1": -5.705100975057828,
    "late|block_api|2": -7.008013122167168,
    "late|classify_api|1": -39.76813985585741,
    "mid|classify_api|0": -1.5761892758693767,
    "mid|block_api|0": -3.278236196912357,
    "mid|scan_api|0": -1.339830139302563,
    "late|ignore_api|2": -12.238190020715743,
    "late|block_api|1": -44.47663637085448,
    "late|scan_api|0": -16.8,
    "late|block_api|0": -2.9640000262508712,
    "mid|classify_api|2": -2.657574025456097,
    "late|ignore_api|1": -40.42922681442371,
    "late|escalate_api|1": -19.25698189566493,
    "late|escalate_api|0": -2.907947473680695,
    "early|classify_api|2": -1.2657437736409036,
    "early|run_security_test|2": 3.959753322083645,
    "early|scan_api|2": 2.3089706153359253,
    "mid|ignore_api|1": -1.864863345212798,
    "early|escalate_api|2": 2.119582956391398,
    "mid|run_security_test|0": -0.9320816254798738,
    "mid|ignore_api|0": -1.1977745583358332,
    "mid|escalate_api|2": 0.270356200549877,
    "late|run_security_test|2": -22.157721073219943,
    "late|run_security_test|0": -4.259437639413559,
    "late|classify_api|0": -6.62256,
    "late|ignore_api|0": -3.2660291279167337,
    "late|escalate_api|2": -7.826180957737378,
    "mid|escalate_api|0": -1.6389069738838125,
    "mid|run_security_test|2": -0.05425073553061957
  }
}