{
  "epsilon": 0.14146537802862957,
  "alpha": 0.12,
  "gamma": 0.95,
  "q": {
    "early|scan_api|0": 3.2807437487777458,
    "early|classify_api|0": 2.925598356978899,
    "early|ignore_api|0": 2.481430675765574,
    "early|block_api|1": -3.491314671358745,
    "early|run_security_test|0": 2.7478916840043013,
    "early|escalate_api|0": 2.9716138129845713,
    "early|ignore_api|1": 1.8425909583599485,
    "early|ignore_api|2": 2.327663087125682,
    "early|classify_api|1": 4.312730654224643,
    "early|block_api|0": -7.610794138356928,
    "early|block_api|2": -0.1453680759749134,
    "early|scan_api|1": 2.1083112529409638,
    "early|escalate_api|1": 2.0375519048521404,
    "early|run_security_test|1": 2.8904734154367073,
    "mid|scan_api|1": -31.36936380925377,
    "mid|ignore_api|2": -15.03145214328251,
    "mid|scan_api|2": -13.644215544672223,
    "mid|run_security_test|1": -29.274935584267013,
    "mid|escalate_api|1": -28.568824117043526,
    "mid|classify_api|1": -26.15481595058675,
    "late|scan_api|2": -83.77607759611514,
    "late|run_security_test|1": -103.45069764983799,
    "late|classify_api|2": -79.43480391360396,
    "late|scan_api|1": -90.48974664249492,
    "mid|block_api|2": -16.095439907761854,
    "mid|block_api|1": -26.22474056275547,
    "late|block_api|2": -60.662794677486296,
    "late|classify_api|1": -82.81696950828247,
    "mid|classify_api|0": -10.081520775757665,
    "mid|block_api|0": -9.849672528887385,
    "mid|scan_api|0": -10.318594123121839,
    "late|ignore_api|2": -84.44056956622114,
    "late|block_api|1": -90.50204003494203,
    "late|scan_api|0": -53.66497614425262,
    "late|block_api|0": -48.525133321049594,
    "mid|classify_api|2": -15.580006959042308,
    "late|ignore_api|1": -97.39522391316659,
    "late|escalate_api|1": -88.77050335689505,
    "late|escalate_api|0": -42.932292045382624,
    "early|classify_api|2": 2.941591300175639,
    "early|run_security_test|2": 2.013954777902267,
    "early|scan_api|2": 3.091976060546331,
    "mid|ignore_api|1": -30.527843373856296,
    "early|escalate_api|2": 1.7176379540200946,
    "mid|run_security_test|0": -7.961343060813521,
    "mid|ignore_api|0": -9.894610747844272,
    "mid|escalate_api|2": -14.539829620682081,
    "late|run_security_test|2": -68.51622549669223,
    "late|run_security_test|0": -33.15003765779589,
    "late|classify_api|0": -34.68100948224142,
    "late|ignore_api|0": -42.152026854935535,
    "late|escalate_api|2": -62.03674519406296,
    "mid|escalate_api|0": -7.894956032656483,
    "mid|run_security_test|2": -17.244447456374882
  }
}