{
  "mode": "epsilon_q_fallback",
  "trl_error": "",
  "episodes": 120,
  "train_mean_reward": -196.14062899317145,
  "train_mean_accuracy": 0.44429583333333333,
  "train_mean_vulnerabilities": 6.55,
  "train_mean_precision": 0.4033716666666667,
  "train_mean_recall": 0.12293583333333333,
  "train_mean_f1": 0.18134499999999998,
  "train_mean_labeled_fraction": 0.21153083333333333,
  "baseline_random": {
    "mean_reward": -202.87758738886114,
    "mean_accuracy": 0.45562500000000006,
    "mean_vulnerabilities": 6.7,
    "mean_precision": 0.44988,
    "mean_recall": 0.27386499999999997,
    "mean_f1": 0.33082500000000004,
    "mean_labeled_fraction": 0.561165
  },
  "baseline_heuristic": {
    "mean_reward": 49.42104,
    "mean_accuracy": 0.834655,
    "mean_vulnerabilities": 13.15,
    "mean_precision": 0.718745,
    "mean_recall": 0.453395,
    "mean_f1": 0.548295,
    "mean_labeled_fraction": 0.493675
  },
  "agent_pretrain": {
    "mean_reward": -226.35151883454105,
    "mean_accuracy": 0.43377999999999994,
    "mean_vulnerabilities": 7.1,
    "mean_precision": 0.33964,
    "mean_recall": 0.240145,
    "mean_f1": 0.270165,
    "mean_labeled_fraction": 0.56592
  },
  "agent_posttrain": {
    "mean_reward": -192.50844999999998,
    "mean_accuracy": 0.54875,
    "mean_vulnerabilities": 0.0,
    "mean_precision": 0.54875,
    "mean_recall": 0.377675,
    "mean_f1": 0.436735,
    "mean_labeled_fraction": 0.28121999999999997
  },
  "selection_score_pretrain": -201.49839883454106,
  "selection_score_posttrain": -161.11370999999997,
  "improvement": {
    "reward_delta": 33.84306883454107,
    "accuracy_delta": 0.11497000000000002,
    "precision_delta": 0.20910999999999996,
    "recall_delta": 0.13752999999999999,
    "f1_delta": 0.16657,
    "vulnerability_delta": -7.1,
    "labeled_fraction_delta": -0.2847
  }
}