{
  "mode": "epsilon_q_fallback",
  "trl_error": "",
  "episodes": 250,
  "train_mean_reward": -201.33861227735036,
  "train_mean_accuracy": 0.42188159999999997,
  "train_mean_vulnerabilities": 5.224,
  "train_mean_precision": 0.37521839999999995,
  "train_mean_recall": 0.1013468,
  "train_mean_f1": 0.1511924,
  "train_mean_labeled_fraction": 0.16372399999999998,
  "baseline_random": {
    "mean_reward": -213.73651825924077,
    "mean_accuracy": 0.46324333333333334,
    "mean_vulnerabilities": 6.533333333333333,
    "mean_precision": 0.4158733333333334,
    "mean_recall": 0.25711333333333336,
    "mean_f1": 0.3089533333333333,
    "mean_labeled_fraction": 0.5548466666666666
  },
  "baseline_heuristic": {
    "mean_reward": 66.49861333333334,
    "mean_accuracy": 0.8583233333333333,
    "mean_vulnerabilities": 13.266666666666667,
    "mean_precision": 0.7695333333333333,
    "mean_recall": 0.5043733333333333,
    "mean_f1": 0.5997733333333334,
    "mean_labeled_fraction": 0.4840433333333333
  },
  "agent_pretrain": {
    "mean_reward": -216.44568953976946,
    "mean_accuracy": 0.4451833333333333,
    "mean_vulnerabilities": 8.1,
    "mean_precision": 0.37353,
    "mean_recall": 0.25884,
    "mean_f1": 0.2934366666666667,
    "mean_labeled_fraction": 0.5721333333333334
  },
  "agent_posttrain": {
    "mean_reward": -190.10524666666666,
    "mean_accuracy": 0.5545233333333334,
    "mean_vulnerabilities": 0.0,
    "mean_precision": 0.5545233333333334,
    "mean_recall": 0.35968666666666665,
    "mean_f1": 0.42401666666666665,
    "mean_labeled_fraction": 0.27635
  },
  "selection_score_pretrain": -190.16770620643612,
  "selection_score_posttrain": -159.62915666666663,
  "improvement": {
    "reward_delta": 26.340442873102802,
    "accuracy_delta": 0.10934000000000005,
    "precision_delta": 0.1809933333333334,
    "recall_delta": 0.10084666666666664,
    "f1_delta": 0.13057999999999997,
    "vulnerability_delta": -8.1,
    "labeled_fraction_delta": -0.2957833333333334
  }
}